1,흰색/분홍 꽃무늬 소매 줄 저고리,82000,여성,상의,1.png
2,흰색/빨강 꽃무늬 소매 줄 저고리,82000,여성,상의,2.png
3,흰색/상아 알록달록 분홍고름 저고리,69000,여성,상의,3.png
4,검정/금색 중전마마 입으시는 저고리,205000,여성,상의,4.png
5,민트/진갈색 고급 재단 저고리,162000,여성,상의,5.png
6,검정/분홍 자주큰꽃무늬 편한 저고리,56000,남성,상의,6.png
7,진분홍/분홍 남성에게도 잘어울리는 분홍배합 저고리,38000,남성,상의,7.png
8,빨강/검정 흰소매 정열의 붉은 저고리,86000,남성,상의,8.png
9,남색/분홍 중앙 원포인트 소매꽃패턴 저고리,150000,남성,상의,9.png
10,남색/분홍 넥분홍 가슴포인트 세로줄 저고리,40000,남성,상의,10.png
11,진살구 A라인 제대로 살려주는 치마,85000,여성,하의,11.png
12,겉은 연파랑/안은 패턴포인트 고급재단 치마,132000,여성,하의,12.png
13,금색 중전마마 입으시는 고급실크 치마,265000,여성,하의,13.png
14,살구분홍 여리여리 여성스러운 치마,28000,여성,하의,14.png
15,진분홍 안은 신비패턴/겉은 시스루 치마,64000,여성,하의,15.png
16,진파랑 기본디자인 천연염색 바지,50000,남성,하의,16.png
17,진초록 기본디자인 천연염색 바지,52000,남성,하의,17.png
18,자주색 기본디자인 천연염색 바지,54000,남성,하의,18.png
19,빨간색 기본디자인 천연염색 바지,56000,남성,하의,19.png
20,진겨자색 기본디자인 천연염색 바지,58000,남성,하의,20.png
